aclement = Andy Clement <aclement@vmware.com***REMOVED***
aemruli = Agim Emruli <agimemruli@gmail.com***REMOVED***
apoutsma = Arjen Poutsma <apoutsma@vmware.com***REMOVED***
bhale = Ben Hale <bhale@vmware.com***REMOVED***
cbeams = Chris Beams <cbeams@vmware.com***REMOVED***
cdupuis = Christian Dupuis <cdupuis@vmware.com***REMOVED***
cleau = Costin Leau <cleau@vmware.com***REMOVED***
csampaleanu = Colin Sampaleanu <csampaleanu@vmware.com***REMOVED***
dsyer = David Syer <dsyer@vmware.com***REMOVED***
jgrelle = Jeremy Grelle <jgrelle@vmware.com***REMOVED***
jhickey = Jennifer Hickey <jhickey@vmware.com***REMOVED***
jhoeller = Juergen Hoeller <jhoeller@vmware.com***REMOVED***
kdonald = Keith Donald <kdonald@vmware.com***REMOVED***
ltaylor = Luke Taylor <ltaylor@vmware.com***REMOVED***
mfisher = Mark Fisher <markfisher@vmware.com***REMOVED***
micha.kiener = Micha Kiener <micha.kiener@mimacom.ch***REMOVED***
misvy = Michael Isvy <misvy@vmware.com***REMOVED***
mpollack = Mark Pollack <mpollack@vmware.com***REMOVED***
ogierke = Oliver Gierke <ogierke@vmware.com***REMOVED***
rharrop = Rob Harrop <rharrop@vmware.com***REMOVED***
rladdad = Ramnivas Laddad <rladdad@vmware.com***REMOVED***
rstoyanchev = Rossen Stoyanchev <rstoyanchev@vmware.com***REMOVED***
sandrews = Scott Andrews <andrewss@vmware.com***REMOVED***
sbrannen = Sam Brannen <sam@sambrannen.com***REMOVED***
trisberg = Thomas Risberg <trisberg@vmware.com***REMOVED***